Number,Span,Theta,Pressure,,,,,
4,0.4,1,100,,,,1.070796327,2.070796327
5,0.7,1,20,,,,1.429203673,4.570796327
6,0.9,1,60,,,,,
7,0.4,3.141592654,100,,,,0.641592654,6.641592654
8,0.7,3.141592654,20,,,,,
9,0.9,3.141592654,60,,,,,
10,0.4,6,100,,,,,
11,0.7,6,20,,,,,
12,0.9,6,60,,,,,
