Probe,Span,Theta (radians),Pressure (kPa)
9,0.9,3.141592654,60
10,0.4,6,100
11,0.7,6,20
12,0.9,6,60
4,0.4,1,100
5,0.7,1,20
6,0.9,1,60
7,0.4,3.141592654,100
8,0.7,3.141592654,20
