Probe,Span,Theta (radians),Pressure (kPa),Static Pressure (kPa)
,0.4,0,90,80
,0.7,0,90,80
,0.9,0,90,80
,0.4,1.256637061,100,80
,0.7,1.256637061,100,80
,0.9,1.256637061,100,80
,0.4,2.513274123,100,80
,0.7,2.513274123,100,80
,0.9,2.513274123,100,80
,0.4,3.769911184,110,80
,0.7,3.769911184,110,80
,0.9,3.769911184,110,80
,0.4,5.026548246,100,80
,0.7,5.026548246,100,80
,0.9,5.026548246,100,80
